Major,Early Career Pay,Mid-Career Pay,Meaningfulness0,Petroleum Engineering,"$93,200","$187,300",67%
Petroleum Engineering,"$93,200","$187,300",67%
Operations Research & Industrial Engineering,"$84,800","$170,400",28%
Electrical Engineering & Computer Science (EECS),"$108,500","$159,300",46%
Interaction Design,"$68,300","$155,800",55%
Public Accounting,"$59,800","$147,700",47%
Operations Research,"$83,500","$147,400",54%
Applied Economics and Management,"$66,100","$146,400",67%
Business Computing (BC),"$73,000","$143,600",-
Actuarial Mathematics,"$64,300","$143,400",51%
Electrical Power Engineering,"$76,100","$142,600",68%
Information & Computer Science,"$58,600","$140,900",62%
Aeronautics & Astronautics,"$77,600","$139,600",56%
Systems Engineering,"$77,700","$139,200",53%
Econometrics,"$64,200","$139,000",35%
Pharmacy,"$68,600","$138,700",78%
Aerospace Studies,"$55,800","$136,600",-
Building Science,"$53,800","$135,900",53%
Chemical Engineering,"$76,900","$135,900",55%
Cognitive Science,"$68,700","$135,200",42%
Actuarial Science,"$67,700","$134,400",43%
Political Economy,"$65,100","$133,500",29%
Computer Systems Engineering,"$79,000","$133,200",51%
Electrical & Computer Engineering (ECE),"$78,100","$131,600",49%
Computer Science (CS) & Engineering,"$79,400","$131,300",44%
Marine Engineering,"$79,900","$131,300",60%
Aeronautical Engineering,"$74,700","$131,100",66%
Computer Engineering (CE),"$79,000","$131,000",46%
Naval Architecture & Marine Engineering,"$74,400","$130,700",49%
Entrepreneurship & Marketing,"$51,400","$129,800",45%
Corporate Accounting & Finance,"$65,200","$129,700",55%
Mechatronics,"$72,800","$129,600",48%
Nuclear Engineering,"$76,400","$129,400",62%
Electrical Engineering (EE),"$75,600","$127,700",54%
Foreign Affairs,"$54,800","$127,700",36%
Marine Transportation Management,"$71,100","$127,500",-
Mechanical & Aeronautical Engineering,"$70,900","$126,900",60%
Welding Engineering,"$81,000","$126,600",56%
Instrumentation & Control Engineering,"$73,100","$126,400",-
Computational & Applied Mathematics,"$75,500","$126,000",45%
Electrical & Electronics Engineering (EEE),"$74,700","$125,800",56%
Aerospace Engineering,"$74,300","$125,700",55%
Astronomy,"$66,600","$125,400",47%
Optical Science & Engineering,"$71,000","$125,400",-
Quantitative Business Analysis,"$74,000","$125,400",37%
Computer Science (CS) & Mathematics,"$70,500","$125,100",43%
Industrial & Systems Engineering,"$73,100","$124,800",48%
Economics and Mathematics,"$68,200","$124,100",35%
Biomedical Engineering (BME),"$71,300","$123,600",72%
Managerial Economics,"$65,200","$123,600",41%
Computer Science (CS),"$75,100","$123,400",42%
Physics & Astronomy,"$56,500","$123,400",36%
Petroleum Land Management,"$59,300","$123,100",-
Bioscience,"$49,200","$123,100",-
Electronics & Communications Engineering,"$67,400","$122,900",51%
Control Engineering,"$69,700","$122,800",61%
Pharmacology,"$57,700","$122,700",-
Business Analysis,"$63,200","$122,300",46%
Aeronautical Science & Engineering,"$56,000","$122,200",50%
Metallurgical Engineering,"$81,800","$122,200",61%
Engineering Science,"$67,900","$122,100",45%
Applied Mathematics,"$68,300","$122,000",40%
Chemical & Biomolecular Engineering,"$76,800","$121,900",48%
Materials Science,"$67,100","$121,800",-
Engineering,"$69,900","$121,700",59%
Ocean Engineering (OE),"$69,400","$121,400",51%
Bioengineering (BioE),"$70,900","$121,300",67%
Aeronautical/Aerospace Engineering Technology,"$76,900","$121,200",53%
Integrated Science & Technology,"$65,200","$121,100",56%
Operations Management & Information Systems,"$66,100","$120,900",38%
Software Engineering,"$75,000","$120,000",43%
Physics,"$65,900","$119,700",48%
Quantitative Economics,"$65,000","$119,600",43%
Computer & Information Science,"$63,600","$119,500",55%
Geophysics,"$58,000","$119,000",47%
Accounting & Economics,"$65,900","$118,900",44%
Physician Assistant Studies,"$95,900","$118,500",84%
Mining Engineering,"$78,800","$118,300",64%
Construction Engineering Management,"$68,800","$118,200",57%
Mechanical Engineering (ME),"$71,000","$117,600",50%
Materials Science & Engineering,"$72,700","$117,500",47%
Engineering Mechanics,"$75,500","$117,400",-
Industrial Engineering (IE),"$71,900","$117,400",44%
International Business & Finance,"$61,400","$117,400",31%
Accounting & Computer Systems,"$63,000","$117,300",37%
Business & Information Technology (IT),"$60,100","$116,900",44%
Applied Physics,"$67,300","$116,500",52%
International Economics,"$58,700","$116,300",48%
Business & Economics,"$59,600","$116,200",46%
Ceramic Engineering,"$69,200","$115,700",-
Economics,"$62,000","$115,700",41%
Pharmaceutical Sciences (PS),"$52,800","$115,700",69%
Telecommunications Engineering,"$66,400","$115,400",47%
Information & Decision Sciences,"$65,200","$115,200",33%
Materials Engineering,"$72,300","$115,200",58%
Paper Science,"$77,000","$115,200",39%
Asian Studies,"$47,700","$115,100",41%
Structural Engineering (SE),"$67,800","$115,100",66%
Industrial Distribution,"$63,600","$115,000",48%
Management Information Systems (MIS),"$65,000","$114,100",42%
Electronics Engineering,"$69,600","$113,900",66%
Finance & Economics,"$62,600","$113,900",42%
Medical Science,"$52,000","$113,800",-
Japanese Studies,"$51,500","$113,800",21%
Automotive Engineering,"$67,300","$113,800",48%
Information Management,"$64,300","$112,800",38%
Management Science,"$64,600","$112,700",43%
Mechanical,"$70,200","$112,700",54%
Construction Engineering,"$67,300","$112,500",59%
Finance & Investments,"$64,100","$112,400",44%
Mathematics & Statistics,"$63,100","$112,400",43%
Information Systems Management,"$59,200","$112,300",49%
Construction Project Management,"$61,100","$112,200",58%
Engineering Management,"$69,000","$112,200",57%
Packaging Science,"$70,000","$112,200",35%
Industrial Engineering & Management,"$68,300","$112,000",55%
Engineering Physics,"$70,500","$111,800",50%
Energy Management,"$72,300","$111,700",71%
Aeronautical Science,"$57,700","$111,600",57%
Government,"$55,100","$111,200",47%
Software Applications & Programming,"$59,300","$110,800",45%
Astrophysics,"$69,300","$110,700",64%
Bioenvironmental Science,"$47,700","$110,500",-
Japanese Language,"$53,300","$110,300",42%
Business Economics,"$58,400","$110,200",43%
Finance & Real Estate,"$63,000","$110,200",44%
Manufacturing Engineering,"$69,300","$110,000",47%
Atmospheric Science,"$48,700","$109,900",55%
Cybersecurity,"$65,600","$109,800",55%
Information Security & Assurance,"$61,400","$109,300",47%
Medicine,"$60,600","$109,200",92%
Civil Engineering (CE),"$65,000","$109,000",65%
Environmental Health & Safety Management,"$61,100","$108,800",61%
Mathematics,"$63,500","$108,700",45%
Applied Economics,"$61,400","$108,600",38%
Construction Science,"$67,400","$108,500",63%
Political Communication,"$48,800","$108,500",55%
Marketing & International Business,"$52,500","$108,400",34%
Software Development,"$65,500","$108,400",45%
Biochemistry & Molecular Biology,"$53,900","$108,100",71%
Computing,"$63,500","$108,000",53%
Construction Management,"$63,200","$108,000",58%
Accounting & Taxation,"$55,600","$107,800",41%
Building Construction (BC),"$67,200","$107,800",52%
International & Comparative Politics,"$45,700","$107,800",53%
Civil & Environmental Engineering,"$65,300","$107,500",67%
Business Information Systems,"$65,000","$107,400",43%
Financial Economics,"$63,300","$107,200",41%
Sales & Business Marketing,"$55,900","$107,200",51%
Plastics Engineering,"$68,400","$107,100",58%
Information Technology Management,"$63,400","$107,000",48%
Polymer Science & Engineering,"$74,500","$106,900",-
Informatics,"$70,300","$106,800",42%
Computer Management Information Systems (CMIS),"$55,700","$106,600",47%
Information Systems (IS),"$63,900","$106,600",44%
Agricultural Economics,"$55,600","$106,300",58%
Data Processing,"$65,600","$106,200",45%
European Studies,"$47,500","$106,100",46%
Biosystems Engineering,"$64,700","$106,000",74%
Nuclear Engineering Technology (NET),"$83,500","$106,000",62%
Economics & Political Science,"$57,100","$105,700",47%
Global & International Studies,"$50,000","$105,700",46%
Organic Chemistry,"$44,500","$105,600",-
Industrial Hygiene,"$58,600","$105,500",55%
Safety Science,"$62,400","$105,500",-
Commerce,"$66,800","$105,400",40%
Rhetoric,"$51,600","$105,400",44%
Business Computer Information Systems (BCIS),"$64,000","$105,300",40%
Finance,"$60,200","$105,200",42%
Plastics Engineering Technology,"$66,900","$105,100",28%
Molecular Biology,"$54,100","$105,000",67%
Environmental Engineering,"$62,600","$104,800",62%
International Management,"$54,100","$104,800",51%
Computer Information Systems,"$59,400","$104,700",42%
Corporate Finance,"$63,600","$104,300",43%
Genetics,"$52,200","$104,100",72%
International Business,"$55,300","$104,100",39%
Agricultural Engineering (AE),"$63,100","$104,000",63%
Consumer Economics,"$53,700","$103,800",40%
Finance & Marketing,"$56,800","$103,700",46%
Computer Information Systems (CIS),"$60,500","$103,500",47%
Business Finance,"$57,200","$103,300",42%
Psychobiology,"$49,600","$103,100",65%
Strategic Management,"$66,200","$103,100",47%
Construction Trades,"$61,900","$103,100",48%
Operations Management (OM),"$61,500","$103,000",45%
Entrepreneurship & Leadership,"$57,100","$102,900",43%
Electrical Engineering Technology (EET),"$66,300","$102,800",47%
Computer Science & Information Technology,"$66,000","$102,700",50%
Food Marketing,"$56,300","$102,700",24%
International Marketing,"$59,000","$102,600",22%
Network Engineering,"$60,700","$102,600",55%
Building Construction Management,"$61,300","$102,400",63%
Engineering Technology (ET),"$58,400","$102,300",47%
International Relations,"$52,800","$102,200",49%
Management & Finance,"$56,800","$102,200",59%
Information Security,"$66,400","$102,200",48%
Business Operations,"$63,500","$102,100",-
Industrial Management,"$57,800","$102,000",53%
Architectural Engineering,"$65,000","$101,900",58%
Hotel Administration,"$64,900","$101,900",35%
Manufacturing,"$57,600","$101,500",48%
Agricultural Economics & Business,"$54,900","$101,400",56%
Web Development,"$56,400","$101,300",46%
Aviation,"$54,000","$101,200",48%
Telecommunications Management,"$55,000","$101,200",42%
Property Management,"$55,200","$101,000",47%
Comparative Literature,"$48,100","$100,900",46%
Construction Science & Management,"$64,700","$100,800",71%
Biotechnology,"$53,100","$100,700",59%
Industrial & Labor Relations,"$69,800","$100,600",44%
Real Estate,"$59,900","$100,600",36%
Mechanical Engineering Technology (MET),"$64,200","$100,400",48%
Labor Relations,"$53,000","$100,300",41%
Electronics,"$57,500","$100,200",63%
Biochemistry (BCH),"$50,400","$99,900",62%
Politics,"$53,000","$99,900",51%
Accounting & Auditing,"$57,800","$99,800",45%
Chinese Language,"$54,200","$99,600",43%
Information Science (IS),"$66,300","$99,500",36%
East Asian Studies,"$49,800","$99,400",42%
Accounting & Finance,"$59,200","$99,300",45%
Network Security,"$62,300","$99,300",50%
Information Technology (IT),"$59,100","$99,200",46%
Aviation Management,"$50,900","$99,100",58%
Occupational Health and Safety,"$59,900","$99,100",69%
Agribusiness,"$50,700","$98,900",53%
Business & Marketing,"$51,000","$98,900",45%
Computer Engineering Technology (CET),"$63,000","$98,900",47%
Computer Security,"$68,100","$98,700",43%
Operations & Supply Chain Management,"$61,300","$98,600",45%
Entomology,"$45,900","$98,500",-
Music Production & Engineering,"$43,100","$98,400",43%
Industrial Engineering Technology,"$67,200","$98,400",53%
Logistics & Supply Chain Management,"$59,000","$98,300",47%
Supply Chain Management,"$61,700","$98,300",41%
Accounts,"$59,800","$98,300",44%
Economics & Management,"$54,400","$98,200",-
Environmental Policy Analysis & Planning,"$51,000","$98,200",65%
Physical Therapy,"$55,500","$98,200",88%
European History,"$52,300","$98,000",47%
Robotics & Automation,"$66,100","$98,000",63%
Geological Engineering,"$61,700","$97,900",54%
Manufacturing Technology,"$59,900","$97,900",46%
Chemistry,"$51,600","$97,500",55%
Business Logistics & Transportation,"$56,400","$97,400",44%
Food Science & Technology,"$53,100","$97,300",49%
City & Regional Planning,"$51,800","$97,200",70%
Civil Engineering Technology (CET),"$58,300","$97,200",60%
Electronics Engineering Technology (EET),"$64,300","$97,100",50%
English & Psychology,"$42,600","$97,100",-
Finance & Banking,"$55,300","$97,100",47%
Mechanical Design,"$60,900","$97,100",45%
Applied Technology,"$55,500","$97,000",62%
Marketing & Management,"$50,000","$96,900",45%
Technical & Scientific Communication,"$50,700","$96,800",37%
Financial Planning,"$54,000","$96,600",63%
Organizational Behavior,"$57,000","$96,600",51%
Marketing,"$51,700","$96,600",40%
Dairy Science,"$51,200","$96,200",68%
Project Management,"$56,800","$96,200",58%
Government & International Politics (GVIP),"$51,300","$96,100",49%
Latin American Studies,"$46,700","$96,100",62%
Industrial Design (ID),"$55,100","$95,900",41%
Web Design & Development,"$53,100","$95,900",44%
Computing & Information Systems (CIS),"$58,100","$95,800",40%
Electromechanical Engineering,"$70,500","$95,800",55%
Industrial Technology (IT),"$62,200","$95,800",50%
Information Technology (IT) & Systems,"$61,100","$95,800",47%
Biopsychology,"$53,300","$95,700",74%
Government & Politics,"$52,400","$95,700",51%
Microbiology & Immunology,"$54,900","$95,400",68%
Chemistry & Environmental Science,"$48,200","$95,400",-
Interactive Media Design,"$54,000","$95,300",38%
Risk Management,"$58,500","$95,300",42%
Cell Biology,"$50,100","$95,200",59%
Aeronautics,"$62,800","$95,100",64%
Welding Engineering Technology,"$74,700","$95,000",42%
Finance & Management Information Systems,"$63,900","$94,800",-
Computer Science (CS) & Business,"$81,100","$94,600",28%
Environmental Science & Policy,"$49,500","$94,500",59%
Marketing & Communications,"$49,600","$94,500",45%
Safety Management,"$60,100","$94,500",70%
Business Technology Management,"$57,400","$94,400",42%
Computer Networking Systems,"$55,600","$94,400",49%
Biomedical Sciences,"$43,600","$94,300",70%
Philosophy,"$52,600","$94,300",41%
Sales & Marketing,"$52,700","$94,300",48%
Manufacturing Engineering Technology,"$66,000","$94,300",49%
Environmental Health & Safety,"$57,600","$94,200",68%
Organizational Psychology,"$51,200","$94,100",50%
Industrial Psychology,"$50,000","$94,000",50%
Political Science,"$50,700","$94,000",47%
Real Estate Development,"$57,100","$94,000",-
Social Ecology,"$49,000","$93,700",-
Risk Management & Insurance,"$59,500","$93,600",46%
Radiation Therapy,"$68,400","$93,400",90%
French Literature,"$46,400","$93,300",50%
Occupational Therapy (OT),"$54,100","$93,300",88%
Advertising,"$47,200","$93,200",32%
Accounting,"$54,800","$93,100",42%
Geology,"$50,400","$93,000",54%
Strategic Communication,"$47,100","$93,000",42%
Transportation & Logistics Management,"$57,600","$93,000",48%
Financial Accounting,"$56,100","$92,900",51%
Cell & Molecular Biology,"$51,900","$92,800",68%
Industrial Safety,"$55,200","$92,800",78%
Insurance,"$56,000","$92,800",43%
Manufacturing Management,"$64,000","$92,800",49%
Networks & Telecommunications,"$54,300","$92,800",56%
Labor Studies,"$46,600","$92,600",49%
Digital Media Design,"$46,700","$92,600",31%
Advertising & Marketing Communications,"$48,300","$92,600",36%
Cinema Studies,"$47,900","$92,500",33%
Electronic & Computer Technology,"$63,800","$92,500",58%
Marketing Communication,"$45,700","$92,500",39%
Construction Technology,"$59,100","$92,400",-
Architecture,"$51,000","$92,300",53%
Applied Statistics,"$65,900","$92,200",47%
Biological Sciences,"$49,300","$92,100",66%
Food Science,"$52,500","$92,100",51%
Urban & Regional Planning,"$51,800","$92,100",60%
Marketing Management,"$51,300","$92,000",42%
Computer & Network Administration,"$56,800","$91,900",47%
Applied Computer Science,"$66,100","$91,800",44%
Sales,"$61,500","$91,600",44%
Environmental Design,"$47,700","$91,400",55%
Hotel Management,"$49,100","$91,400",44%
Advertising Design,"$52,700","$91,300",28%
Digital Arts,"$45,600","$91,300",35%
Financial Management,"$54,300","$91,300",54%
Electronic Systems Technology (EST),"$81,000","$91,200",-
Italian Language,"$51,400","$91,100",43%
German Studies,"$50,000","$91,000",42%
Quality Management,"$57,400","$90,800",60%
Microbiology,"$48,400","$90,300",68%
Entrepreneurship,"$54,800","$90,300",47%
Interactive Media,"$52,700","$90,200",35%
Global Business Management,"$55,900","$90,200",52%
Network Systems Administration,"$57,900","$90,200",50%
Police Science,"$55,400","$90,200",-
Hydrology,"$48,700","$90,100",-
Business Data Analysis,"$64,700","$90,000",36%
Database Management,"$65,900","$90,000",-
Spanish Literature,"$51,100","$90,000",50%
Business Technology,"$52,800","$89,900",42%
Business Management & Marketing,"$48,900","$89,800",48%
Technical Management,"$64,400","$89,700",62%
Human Biology,"$51,100","$89,600",70%
Meteorology,"$46,200","$89,500",57%
Computer Graphics Technology (CGT),"$49,000","$89,200",40%
Urban Planning,"$50,500","$89,200",53%
Aviation Technology,"$58,100","$89,100",49%
Environmental Health,"$50,000","$89,100",65%
Agricultural Science,"$48,900","$88,900",59%
Agronomy,"$50,200","$88,900",65%
International Studies,"$50,000","$88,900",51%
Design,"$52,800","$88,800",40%
Applied Science,"$46,400","$88,700",-
Architectural Engineering Technology,"$52,200","$88,700",59%
German Language,"$50,700","$88,700",41%
Technology,"$56,200","$88,600",64%
Advertising & Promotion,"$46,100","$88,500",46%
Pre-law,"$46,800","$88,400",45%
Digital Media,"$47,300","$88,200",38%
Biological Anthropology,"$46,200","$88,100",49%
Personal Financial Planning,"$53,800","$88,100",60%
Professional Pilot Education,"$63,700","$88,000",-
Textile Technology,"$54,000","$88,000",42%
Web & Digital Media Development,"$52,300","$88,000",33%
Entrepreneurial Studies,"$48,700","$87,900",37%
Fashion Design,"$47,500","$87,700",27%
Retailing,"$51,300","$87,600",35%
Business Communication,"$50,900","$87,300",47%
Environmental Science,"$49,100","$87,300",59%
Product Design Engineering,"$65,500","$87,200",35%
English Literature,"$47,700","$87,000",45%
Logistics,"$57,600","$87,000",41%
Math & Science,"$55,600","$86,900",66%
International Trade & Business,"$54,800","$86,800",27%
Pre-Medicine,"$50,800","$86,800",67%
Speech & Drama,"$37,500","$86,800",-
Toxicology,"$44,600","$86,800",-
Advertising & Marketing,"$49,000","$86,700",38%
Geographic Information Systems (GIS) & Spatial Analysis,"$54,000","$86,700",57%
Marketing & Mass Communications,"$45,400","$86,700",41%
Welding Technology,"$48,400","$86,700",-
General Business,"$50,200","$86,600",51%
Construction Engineering Technology,"$55,800","$86,400",53%
Architectural Studies,"$45,400","$86,400",42%
Aviation Maintenance Technology,"$51,000","$86,300",60%
Communication Studies & Journalism,"$44,800","$86,200",47%
Management,"$51,600","$86,200",48%
General Science,"$49,100","$86,100",60%
Magazine Journalism,"$46,800","$86,100",32%
Electronics & Computer Technology,"$55,600","$86,000",-
Theatre & Drama Studies,"$44,800","$86,000",49%
Animation,"$45,000","$85,900",35%
Biology & Chemistry,"$49,200","$85,900",66%
Diagnostic Medical Ultrasound,"$67,700","$85,900",67%
History & Politics,"$49,500","$85,900",51%
Public Affairs,"$52,700","$85,900",50%
Romance Languages,"$53,000","$85,900",53%
Physiology,"$49,300","$85,900",63%
Corporate Communications,"$48,500","$85,700",42%
International Affairs,"$51,600","$85,700",52%
Nursing Science,"$66,800","$85,700",84%
Organizational Development,"$53,800","$85,700",54%
Textile & Apparel Studies,"$47,100","$85,700",30%
Business Administration,"$52,800","$85,600",50%
Business Administration & Accounting,"$52,400","$85,600",55%
Philosophy & Religion,"$43,800","$85,600",55%
Architectural Design,"$47,700","$85,400",60%
Textile Design,"$50,000","$85,200",43%
Interpersonal & Organizational Communication,"$42,400","$85,200",56%
Geographic Information Systems (GIS),"$50,000","$85,100",52%
Business Management,"$51,700","$85,000",51%
Linguistics,"$52,100","$84,900",43%
French Language,"$49,600","$84,800",47%
Communication,"$48,000","$84,700",45%
Neuroscience,"$51,800","$84,700",58%
Business Management & Human Resources Management (HRM),"$46,800","$84,600",57%
Journalism & Mass Communication,"$46,300","$84,600",44%
Accounting & Management,"$55,500","$84,500",52%
Sociology & Organizational Studies,"$53,500","$84,300",57%
Crop Science,"$48,700","$84,200",60%
French Studies,"$52,400","$84,200",57%
Writing,"$44,200","$84,200",42%
Nursing,"$65,000","$84,200",83%
History,"$47,800","$84,100",46%
Biology,"$47,100","$84,000",65%
Land Surveying,"$51,900","$84,000",54%
Architectural Technology,"$46,700","$83,900",61%
Health Care,"$44,400","$83,900",74%
Integrated Marketing Communications,"$47,000","$83,900",36%
Agriculture,"$47,700","$83,800",61%
Digital Design,"$50,000","$83,600",40%
Marketing & Advertising,"$49,300","$83,600",44%
Organizational Communication,"$46,400","$83,600",49%
Visual Effects & Motion Graphics,"$48,100","$83,400",38%
Public Relations & Communication,"$45,700","$83,300",47%
General & Strategic Management,"$51,200","$83,300",55%
Foreign Languages,"$48,400","$83,100",52%
Retail Merchandising,"$50,900","$83,100",31%
Agribusiness Management,"$47,700","$83,000",46%
Global Business,"$55,800","$83,000",31%
Professional & Technical Writing,"$48,500","$83,000",44%
Computer Art,"$40,400","$82,900",31%
Environmental Management,"$50,200","$82,900",62%
Environmental Studies,"$48,500","$82,900",59%
Journalism,"$45,900","$82,900",44%
Travel Industry Management,"$52,600","$82,900",-
International Development Studies,"$47,700","$82,800",64%
Natural Sciences,"$45,100","$82,800",55%
Retail & Consumer Science,"$51,800","$82,800",32%
Literature,"$46,800","$82,800",47%
Bachelor in Science Nursing,"$64,000","$82,700",81%
History & Political Science,"$50,600","$82,700",50%
Museum Studies,"$38,900","$82,700",50%
Computer Information Management,"$49,400","$82,600",-
Dental Hygiene,"$72,700","$82,600",80%
Law,"$54,300","$82,600",53%
Network Technology,"$59,800","$82,600",57%
Media Studies,"$50,700","$82,400",38%
Environmental Geography,"$50,200","$82,300",52%
Law Enforcement,"$46,700","$82,200",60%
Nuclear Medicine,"$60,300","$81,900",81%
Bachelor of Science in Nursing,"$63,800","$81,900",83%
Computer Animation,"$46,800","$81,800",36%
Landscape Architecture,"$51,500","$81,800",65%
Publishing,"$46,300","$81,800",39%
Interior Architecture,"$47,600","$81,500",45%
Diagnostic Medical Sonography,"$64,300","$81,400",86%
Environmental & Natural Resource Economics,"$52,400","$81,400",65%
Public Relations (PR),"$45,600","$81,400",42%
Workforce Education & Development,"$59,900","$81,400",80%
American History (United States),"$50,900","$81,300",52%
Drama,"$47,400","$81,100",47%
Management (MGT),"$47,000","$81,000",62%
Merchandising Management,"$46,800","$80,900",38%
Environmental Biology,"$45,000","$80,800",70%
Accounting & Business,"$52,400","$80,700",48%
Automotive Technology & Service Management,"$48,800","$80,500",32%
Speech Communication,"$46,700","$80,500",54%
Allied Health,"$44,800","$80,400",78%
Agricultural Systems Technology,"$60,500","$80,300",-
Emergency Management,"$50,900","$80,300",80%
Network Administration,"$48,700","$80,300",56%
Communication Management,"$46,000","$80,200",38%
Historic Preservation,"$43,400","$80,000",-
Broadcast Journalism,"$42,900","$79,900",50%
Broadcast & Cinematic Arts,"$42,800","$79,900",43%
Automotive Technology,"$48,100","$79,800",47%
Business Management & Administration,"$51,400","$79,800",53%
Agricultural Business,"$52,700","$79,700",51%
Technology Management,"$56,400","$79,700",47%
Global Studies,"$51,200","$79,600",46%
Professional Studies,"$42,800","$79,600",62%
Interpersonal Communications,"$45,000","$79,500",53%
Forestry,"$45,900","$79,400",67%
Homeland Security,"$49,200","$79,400",72%
Ancient History,"$46,000","$79,300",-
Botany,"$42,600","$79,300",73%
Geography,"$49,700","$79,300",52%
Computer Aided Design (CAD),"$48,700","$79,200",-
Nutrition Science,"$49,500","$79,200",70%
Acting,"$44,200","$79,100",50%
Public Management,"$50,200","$79,100",66%
Nuclear Medicine Technology,"$61,700","$79,000",82%
Apparel & Textile Manufacture,"$48,300","$78,900",37%
English Language & Literature,"$46,400","$78,900",44%
Urban Studies,"$51,500","$78,900",57%
Mass Communication,"$44,800","$78,800",44%
Forestry Management,"$48,600","$78,700",71%
Radio/Television & Film Production,"$45,700","$78,700",39%
Hospital Management,"$53,200","$78,600",45%
Human Resources Management (HRM),"$47,900","$78,500",55%
Marine Science,"$46,100","$78,400",64%
American Sign Language Interpreting,"$43,100","$78,300",87%
English & History,"$45,700","$78,300",49%
English Language,"$44,600","$78,300",45%
Cytotechnology,"$61,900","$78,200",89%
Geosciences,"$48,700","$78,200",62%
Hospital Administration,"$51,200","$78,200",57%
Film Production,"$44,600","$78,100",33%
Marine Biology,"$43,300","$78,100",66%
Zoology,"$42,100","$77,900",67%
Communication Design,"$51,700","$77,800",34%
Leadership,"$47,200","$77,500",57%
Music Technology,"$44,800","$77,500",39%
Musicology,"$40,000","$77,500",-
Technical Writing,"$53,300","$77,500",42%
Agricultural Communication,"$44,600","$77,400",52%
Logistics Management,"$56,300","$77,400",49%
German Language & Literature,"$49,400","$77,300",47%
Administration,"$44,600","$77,100",58%
Apparel Merchandising,"$47,600","$77,100",35%
Computer Aided Drafting & Design (CADD),"$49,100","$77,100",52%
Organizational Leadership & Supervision,"$49,600","$77,100",51%
Printing Technology,"$46,200","$77,100",-
Spanish Language,"$47,700","$77,100",51%
Multimedia,"$44,700","$77,000",45%
Spanish Language Teacher Education,"$45,500","$76,900",73%
Public Administration,"$46,700","$76,900",57%
Human Nutrition,"$48,600","$76,900",85%
Audio Engineering,"$48,300","$76,800",39%
Graphics Technology & Management,"$39,500","$76,800",38%
Physical Anthropology,"$52,900","$76,800",51%
Organizational Leadership,"$50,500","$76,700",58%
Environmental Health Science,"$53,800","$76,600",61%
Health Sciences,"$44,600","$76,600",70%
Journalism & Electronic Media,"$45,200","$76,500",48%
Religious Studies,"$43,900","$76,300",55%
Art History,"$46,600","$76,200",45%
Radiologic Science,"$57,600","$76,200",81%
3D Animation,"$51,800","$76,000",42%
Culture Studies,"$48,100","$75,900",40%
Merchandising,"$53,100","$75,900",31%
Administrative Management,"$52,700","$75,800",50%
Human Resources (HR),"$47,300","$75,800",56%
Liberal Arts,"$44,500","$75,800",53%
Adult Education & Training,"$48,700","$75,600",79%
Fashion Merchandising,"$46,900","$75,600",29%
Health & Fitness,"$39,800","$75,600",67%
Natural Resources,"$47,400","$75,500",64%
Organizational Management,"$48,800","$75,500",57%
Modern Languages,"$50,300","$75,400",53%
Natural Resource Management,"$46,500","$75,400",60%
Retail Management,"$50,100","$75,400",35%
Sociology & Anthropology,"$44,500","$75,400",50%
Creative Writing,"$45,300","$75,200",41%
Criminal Justice Administration,"$45,700","$75,100",56%
Ethnic Studies,"$47,500","$74,900",63%
Philosophy & Religious Studies,"$49,300","$74,900",61%
Radiology,"$54,800","$74,900",80%
Medical Laboratory Technology,"$56,900","$74,400",82%
Sports Management,"$45,400","$74,400",43%
Anthropology & English,"$48,000","$74,300",-
Broadcast Communication,"$40,000","$74,300",44%
Criminology,"$44,700","$74,300",54%
Earth Science,"$50,000","$74,300",48%
Media & Technology,"$45,200","$74,300",43%
Visual Communications,"$45,400","$74,300",38%
Advertising & Graphic Design,"$46,800","$74,200",37%
Applied Behavior Analysis,"$38,700","$74,200",81%
Psychology,"$44,700","$74,200",56%
Applied Management,"$45,500","$74,100",53%
Hotel & Restaurant Management,"$47,300","$74,100",48%
Anthropology,"$46,400","$73,900",46%
Arts Management,"$39,400","$73,800",48%
Diagnostic Medical Imaging,"$60,600","$73,800",73%
Communication Arts,"$42,400","$73,600",39%
Middle Eastern Studies,"$57,100","$73,600",48%
Radiologic Technology,"$55,200","$73,600",83%
Painting & Printmaking,"$34,700","$73,600",41%
Cardiopulmonary Science,"$48,900","$73,400",90%
Human Relations,"$45,000","$73,400",63%
Humanities,"$48,500","$73,200",49%
Health Care Administration,"$45,800","$73,100",69%
Health Care Management,"$46,700","$73,000",72%
Life Sciences,"$53,100","$73,000",64%
Ecology,"$46,400","$72,900",57%
Media Arts,"$46,500","$72,900",34%
Respiratory Care,"$54,800","$72,800",84%
Art & Design,"$45,100","$72,700",38%
Health Information Management,"$49,000","$72,700",69%
Hospitality Management,"$46,400","$72,700",43%
Health Teacher Education,"$37,900","$72,600",46%
Sports Medicine,"$50,100","$72,600",77%
Multimedia & Web Design,"$50,200","$72,600",34%
Sociology,"$46,200","$72,500",55%
Liberal Studies,"$44,300","$72,400",56%
Interior Design,"$45,100","$72,300",50%
Medical Laboratory Science,"$55,600","$72,300",85%
Secondary Education,"$44,600","$72,300",59%
Child Psychology,"$38,900","$72,200",64%
Exercise Physiology,"$44,100","$72,200",76%
Radiography,"$55,300","$72,200",85%
Archaeology,"$45,900","$72,100",46%
Art Administration,"$40,200","$72,100",56%
Hotel & Restaurant Tourism,"$44,300","$72,100",49%
Illustration,"$45,200","$72,100",36%
Arts & Science,"$45,700","$71,900",-
Health,"$44,200","$71,900",73%
Turfgrass Management,"$53,100","$71,900",51%
Animal Science & Management,"$44,200","$71,800",55%
SocialStudies,"$45,800","$71,700",57%
Human Resources Development,"$48,600","$71,600",50%
Speech Pathology & Audiology,"$44,100","$71,600",78%
Clinical Laboratory Science,"$55,100","$71,500",83%
Forensic Science,"$46,000","$71,500",64%
Health Administration,"$42,700","$71,500",66%
Geomatics,"$52,300","$71,400",70%
Media Communication,"$47,000","$71,400",45%
Health Management,"$45,100","$71,300",-
Commercial Photography,"$43,800","$71,300",23%
Fashion Design & Marketing,"$45,300","$71,100",44%
Mass Media,"$40,300","$71,100",49%
Medical Technology,"$56,500","$71,000",81%
Respiratory Therapy,"$54,500","$70,900",82%
Theater,"$44,600","$70,700",50%
Forensic Psychology,"$43,000","$70,600",54%
Kinesiology,"$44,800","$70,600",66%
Performing Arts,"$45,700","$70,500",57%
Psychology & Social Behavior,"$45,800","$70,500",59%
Religion,"$44,400","$70,500",59%
Radio & Television,"$43,100","$70,500",41%
Technology Teacher Education,"$47,700","$70,400",57%
Educational Studies (ED),"$40,300","$70,200",65%
Music,"$44,300","$70,200",55%
Business Leadership,"$50,100","$70,200",45%
Drafting & Design,"$51,000","$70,100",69%
Plant Sciences,"$48,000","$70,100",60%
Criminal Justice,"$42,800","$69,800",56%
Web Design,"$49,900","$69,800",25%
Graphic Design,"$45,100","$69,700",37%
Nutrition,"$48,100","$69,600",65%
Nutrition & Dietetics,"$50,800","$69,600",72%
Missions,"$41,300","$69,500",-
Dramatic Art,"$41,400","$69,400",-
Fashion Marketing & Management,"$47,700","$69,100",30%
Interdisciplinary Studies (IS),"$44,600","$68,900",56%
Hospitality & Tourism,"$44,200","$68,800",41%
Human Ecology,"$42,100","$68,800",54%
Ornamental Horticulture,"$46,000","$68,800",69%
Physical Therapist Assistant Studies,"$49,900","$68,800",85%
Public Health (PH),"$46,000","$68,800",69%
Art Therapy,"$41,100","$68,600",80%
Dietetics,"$51,300","$68,600",74%
Landscape Management,"$52,300","$68,600",-
Applied Sociology,"$42,200","$68,500",57%
Fine Arts,"$43,200","$68,500",44%
Modern Language Spanish,"$43,800","$68,500",52%
Women's Studies,"$45,200","$68,500",59%
Social & Criminal Justice,"$44,800","$68,500",59%
Animal Science,"$41,200","$68,300",64%
New Media,"$46,000","$68,300",33%
Textiles & Clothing,"$45,100","$68,300",47%
Event Management,"$41,700","$68,200",40%
Family & Consumer Science,"$42,600","$68,000",59%
Speech-Language Pathology,"$44,100","$67,900",70%
Technical Theatre,"$41,000","$67,600",42%
Education,"$44,100","$67,500",65%
Foods & Nutrition,"$47,000","$67,500",68%
Recreation Management,"$42,300","$67,500",58%
Business & Healthcare Management,"$46,900","$67,300",69%
Agricultural Teacher Education,"$53,500","$67,100",-
Music Composition,"$44,000","$66,900",51%
Art,"$43,400","$66,700",46%
Psychology & Sociology,"$42,800","$66,700",53%
Drawing & Painting,"$42,800","$66,600",48%
Nonprofit Management,"$42,300","$66,300",79%
Small Business Management,"$47,100","$66,200",38%
Behavioral Science,"$43,000","$66,000",62%
Horticulture & Agronomy,"$52,500","$65,900",-
Health Services Administration,"$42,700","$65,800",63%
Multidisciplinary Studies,"$41,800","$65,800",53%
Restaurant & Food Service Management,"$43,900","$65,800",45%
Consumer Affairs,"$51,000","$65,700",43%
Training and Development,"$52,600","$65,600",-
Health & Exercise Science,"$41,700","$65,600",67%
Electronic Media,"$45,300","$65,600",37%
Environmental Resource Management,"$48,700","$65,500",65%
Theatre Arts,"$43,500","$65,300",51%
Applied Linguistics,"$46,800","$65,200",44%
African American & African Studies,"$46,400","$65,100",60%
Exercise & Sports Science,"$42,600","$65,100",70%
General Studies,"$43,600","$65,100",52%
Justice Studies,"$45,300","$65,100",50%
Video Production,"$42,800","$65,100",33%
Graphic Arts,"$42,700","$64,900",41%
Physical Education Teaching,"$42,200","$64,900",69%
Health Services Management,"$41,600","$64,800",83%
Physical Education & Exercise Science,"$44,100","$64,800",72%
Drawing,"$37,400","$64,800",39%
Exercise Science,"$41,400","$64,700",73%
Printmaking,"$38,400","$64,300",40%
Sports Administration,"$43,300","$64,300",47%
Theology,"$42,800","$64,300",68%
Interior Design & Merchandising,"$43,700","$64,200",37%
Recreation & Leisure Studies,"$40,300","$64,200",60%
Human Development,"$43,700","$64,100",64%
Music Industry,"$45,800","$64,100",38%
Wildlife Management,"$39,700","$64,100",49%
Supervision & Management,"$41,700","$64,100",57%
Health & Wellness,"$40,100","$64,000",70%
Culinary Arts & Food Service Management,"$41,300","$64,000",50%
Mortuary Science,"$43,500","$64,000",85%
Clinical Psychology,"$43,000","$63,900",65%
Community Health Education,"$42,600","$63,900",75%
Dance,"$45,100","$63,900",62%
Speech Pathology,"$42,800","$63,700",69%
Gender Studies,"$45,500","$63,600",55%
Secondary English Teacher Education,"$42,000","$63,600",64%
Photography,"$43,800","$63,500",38%
English Teacher Education,"$43,300","$63,100",57%
Paralegal Studies,"$39,600","$63,100",50%
Social Studies Teacher Education,"$43,400","$63,100",65%
Teaching English as a Second Language (ESL),"$42,800","$63,000",73%
Music Teacher Education,"$42,000","$63,000",62%
Health Promotion,"$42,300","$62,800",69%
Recording Arts,"$44,800","$62,800",48%
Photojournalism,"$41,900","$62,600",59%
Recreation Administration,"$47,000","$62,500",71%
Radio Broadcasting,"$46,300","$62,400",33%
Sculpture,"$40,300","$62,200",47%
Painting,"$40,700","$62,000",44%
Psychology & Social Sciences,"$42,600","$62,000",68%
Health & Physical Education Teaching,"$38,700","$61,900",65%
Organizational Administration,"$45,000","$61,800",-
Tourism Management,"$43,100","$61,600",38%
Instrumental Music Teacher Education,"$41,700","$61,600",65%
Emergency Medical Services (EMS),"$44,200","$61,400",-
Community Health,"$45,400","$61,300",72%
Health & Human Performance,"$38,100","$61,100",68%
Music Therapy,"$43,100","$60,700",93%
Social Services,"$39,900","$60,500",82%
Rehabilitation Services,"$35,800","$60,200",79%
Horticulture,"$43,000","$60,100",59%
University Studies,"$42,400","$60,000",49%
Church Ministries,"$40,000","$59,900",79%
Communicative Disorders,"$47,400","$59,800",73%
Social Science Teacher Education,"$45,400","$59,800",-
Wildlife Biology,"$42,900","$59,800",60%
Community Development,"$44,600","$59,400",63%
Psychology & Human Services,"$35,600","$59,400",-
Athletic Training,"$42,100","$59,300",75%
Biblical Studies,"$40,500","$59,000",72%
Biblical Studies & Practical Ministries,"$36,400","$58,900",76%
Counseling Psychology,"$42,700","$58,900",64%
Recreational Studies,"$42,100","$58,900",69%
Teaching,"$42,000","$58,900",72%
Home Economics,"$41,800","$58,700",69%
Library & Information Science,"$48,200","$58,700",48%
Human Development & Family Studies,"$40,300","$58,600",66%
Tourism & Travel,"$42,200","$58,600",43%
Landscape Design,"$49,000","$58,500",63%
Ceramics,"$42,200","$58,300",51%
Clinical Social Work (CSW),"$43,500","$58,300",-
Parks & Recreation Management,"$42,700","$58,300",56%
Pastoral Ministry,"$38,700","$58,000",83%
Vocal Performance,"$42,600","$58,000",65%
Art Teacher Education,"$40,300","$57,500",62%
Bible Studies & Theology,"$40,000","$57,500",67%
Forensic Accounting,"$48,300","$57,200",48%
Communication Sciences & Disorders,"$43,300","$57,100",76%
Legal Assistant Studies,"$38,100","$57,100",38%
Special Education,"$41,300","$57,000",76%
Conservation Biology,"$42,800","$56,900",57%
Family Studies,"$39,200","$56,800",68%
Christian Ministry,"$38,100","$56,400",79%
Speech & Hearing,"$43,300","$56,400",76%
Health and Human Services,"$43,500","$56,300",65%
Musical Theatre,"$43,500","$56,100",50%
History Teacher Education,"$47,700","$55,600",46%
Developmental Psychology,"$38,200","$55,000",-
Therapeutic Recreation,"$39,500","$54,900",82%
Applied Behavioral Science,"$40,500","$54,600",50%
Community & Human Services,"$42,400","$54,600",80%
Social Work (SW),"$38,600","$54,600",76%
Office Administration,"$38,700","$54,500",65%
Ministry,"$36,700","$54,300",81%
Family & Community Services,"$42,200","$54,300",74%
Youth Ministry,"$37,400","$54,200",76%
Elementary Education,"$40,000","$53,800",69%
Voice & Opera,"$34,500","$53,300",57%
Christian Education,"$38,700","$53,200",82%
Conflict Resolution,"$44,400","$53,200",50%
Baking & Pastry Arts,"$37,500","$53,000",44%
Human Services Management,"$45,600","$53,000",-
Hospitality & The Culinary Arts,"$38,800","$52,900",-
Human Services (HS),"$38,700","$52,500",71%
Counseling,"$39,900","$51,700",78%
Recreational Therapy,"$38,400","$51,600",84%
Child Development,"$37,400","$51,400",73%
Educational Psychology,"$36,900","$51,200",-
Middle School Education,"$41,200","$50,800",73%
Mental Health Counseling,"$36,100","$50,000",78%
Early Childhood & Elementary Education,"$38,000","$48,400",77%
Equine Studies,"$35,700","$47,100",50%
Addiction Studies,"$38,000","$47,000",84%
Child & Family Studies,"$36,400","$46,500",73%
Rehabilitation Counseling,"$39,200","$46,400",-
Outdoor Education,"$37,400","$46,300",52%
Early Childhood Education,"$36,100","$45,400",78%
Mental Health,"$36,900","$45,000",-
Medical Assisting,"$36,000","$44,800",-
Metalsmithing,"$40,000","$40,300",33%